first,last,card number,email
Tyler,Pointer,11660469,tpointer0@answers.com
Leonardo,Giocannoni,12660085,lgiocannonih@imageshack.us
Karlan,McBryde,13944392,kmcbrydec@people.com.cn
Jammie,Parchment,14236240,jparchment3@oracle.com
Sergio,Fowlestone,16347095,sfowlestonet@java.com
Cly,Eland,30082441,celande@mysql.com
Quinta,Sandom,33512195,qsandom6@sciencedaily.com
Franny,Newing,34029455,fnewing9@howstuffworks.com
Kissie,Durie,39826308,kduriej@washingtonpost.com
Kandy,Crombleholme,43146831,kcrombleholme7@w3.org
Elisabet,Wickens,44618275,ewickensq@addthis.com
Portie,Culver,45424003,pculver2@msu.edu
Gladys,Koppke,48012431,gkoppkel@sphinn.com
Lorita,Guirard,50247440,lguirardg@springer.com
Nan,Brody,52071128,nbrodyi@businessinsider.com
Todd,Benterman,53547116,tbentermanr@unicef.org
Amabel,Kupisz,58400104,akupisz8@xrea.com
Corenda,Endrici,58523361,cendricim@networksolutions.com
Rozele,Walkingshaw,62495034,rwalkingshawa@elegantthemes.com
Freddi,Douthwaite,63484258,fdouthwaiteo@delicious.com
Lazaro,Dinwoodie,66081424,ldinwoodien@pcworld.com
Georgine,Minifie,77008122,gminifie4@godaddy.com
Valida,Bryan,77161688,vbryank@skyrock.com
Norine,Holhouse,80640917,nholhousep@zdnet.com
Eleanore,Sweetzer,85204447,esweetzer1@adobe.com
Raynell,Merrick,87134236,rmerricks@ifeng.com
Phaedra,Melior,91467297,pmeliord@zdnet.com
Carrol,Mattheis,97106789,cmattheisf@techcrunch.com
Putnem,Addeycott,99129865,paddeycottb@yellowbook.com
Katuscha,Wanstall,99882561,kwanstall5@nbcnews.com